<!-- This file has been generated by the BlackBerry Plugin for Eclipse v3.6.1. -->

<Properties ModelVersion="1.1.2">
  <General Title="Read NDEF Tag" Version="1.0.6" Vendor="John Murray" Description="Read an NDEF Smart Tag using NFC"/>
  <Application Type="BlackBerry Application" MainMIDletName="" MainArgs="" HomeScreenPosition="0" StartupTier="7" IsSystemModule="true" IsAutostartup="false"/>
  <Resources hasTitleResource="false" TitleResourceBundleName="" TitleResourceBundleRelativePath="" TitleResourceBundleClassName="" TitleResourceBundleKey="" DescriptionId="">
    <Icons>
      <Icon CanonicalFileName="res/img/SmartTag_Logo.png" IsFocus="false"/>
    </Icons>
  </Resources>
  <KeywordResources KeywordResourceBundleName="" KeywordResourceBundleRelativePath="" KeywordResourceBundleClassName="" KeywordResourceBundleKey=""/>
  <Compile OutputCompilerMessages="false" ConvertImages="true" CreateWarningForNoExportedRoutine="true" CompressResources="false" AliasList="">
    <PreprocessorDefines/>
  </Compile>
  <Packaging PreBuildStep="" PostBuildStep="" CleanStep="" OutputFileName="NfcReadNdefSmartTag" OutputFolder="deliverables" GenerateALXFile="true">
    <AlxFiles/>
  </Packaging>
  <HiddenProperties>
    <ClassProtection/>
    <PackageProtection/>
  </HiddenProperties>
  <AlternateEntryPoints>
    <AlternateEntryPoint Title="Ndef Tag Reader" MainMIDletName="" ArgumentsForMain="gui" HomeScreenPosition="0" StartupTier="7" IsSystemModule="false" IsAutostartup="false" hasTitleResource="false" TitleResourceBundleKey="" TitleResourceBundleName="" TitleResourceBundleClassName="" TitleResourceBundleRelativePath="">
      <Icons>
        <Icon CanonicalFileName="res/img/SmartTag_Logo.png" IsFocus="false"/>
      </Icons>
      <KeywordResources KeywordResourceBundleName="" KeywordResourceBundleRelativePath="" KeywordResourceBundleClassName="" KeywordResourceBundleKey=""/>
    </AlternateEntryPoint>
  </AlternateEntryPoints>
</Properties>