<!-- This file has been generated by the BlackBerry Plugin for Eclipse v3.6.1. -->

<Properties ModelVersion="1.1.2">
  <General Title="NFC vCard Responder" Version="1.0.1" Vendor="John Murray" Description="vCard Responder using the SNEP protocol"/>
  <Application Type="BlackBerry Application" MainMIDletName="" MainArgs="" HomeScreenPosition="0" StartupTier="7" IsSystemModule="false" IsAutostartup="false"/>
  <Resources hasTitleResource="false" TitleResourceBundleName="" TitleResourceBundleRelativePath="" TitleResourceBundleClassName="" TitleResourceBundleKey="" DescriptionId="">
    <Icons>
      <Icon CanonicalFileName="res/img/SmartTag_Logo.png" IsFocus="false"/>
    </Icons>
  </Resources>
  <KeywordResources KeywordResourceBundleName="" KeywordResourceBundleRelativePath="" KeywordResourceBundleClassName="" KeywordResourceBundleKey=""/>
  <Compile OutputCompilerMessages="false" ConvertImages="true" CreateWarningForNoExportedRoutine="true" CompressResources="false" AliasList="">
    <PreprocessorDefines/>
  </Compile>
  <Packaging PreBuildStep="" PostBuildStep="" CleanStep="" OutputFileName="NfcSnepResponder" OutputFolder="deliverables" GenerateALXFile="true">
    <AlxFiles/>
  </Packaging>
  <HiddenProperties>
    <ClassProtection/>
    <PackageProtection/>
  </HiddenProperties>
  <AlternateEntryPoints/>
</Properties>