<!-- This file has been generated by the BlackBerry Plugin for Eclipse v3.6.1. -->

<Properties ModelVersion="1.1.2">
  <General Title="" Version="1.0.0" Vendor="BlackBerry Developer" Description=""/>
  <Application Type="BlackBerry Application" MainMIDletName="" MainArgs="" HomeScreenPosition="0" StartupTier="7" IsSystemModule="false" IsAutostartup="false"/>
  <Resources hasTitleResource="false" TitleResourceBundleName="" TitleResourceBundleRelativePath="" TitleResourceBundleClassName="" TitleResourceBundleKey="" DescriptionId="">
    <Icons>
      <Icon CanonicalFileName="res\img\icon.png" IsFocus="false"/>
    </Icons>
  </Resources>
  <KeywordResources KeywordResourceBundleName="" KeywordResourceBundleRelativePath="" KeywordResourceBundleClassName="" KeywordResourceBundleKey=""/>
  <Compile OutputCompilerMessages="false" ConvertImages="true" CreateWarningForNoExportedRoutine="true" CompressResources="false" AliasList="">
    <PreprocessorDefines/>
  </Compile>
  <Packaging PreBuildStep="" PostBuildStep="" CleanStep="" OutputFileName="NfcRaceTime7" OutputFolder="deliverables" GenerateALXFile="true">
    <AlxFiles/>
  </Packaging>
  <HiddenProperties>
    <ClassProtection/>
    <PackageProtection/>
  </HiddenProperties>
  <AlternateEntryPoints>
    <AlternateEntryPoint Title="auto" MainMIDletName="" ArgumentsForMain="auto" HomeScreenPosition="0" StartupTier="7" IsSystemModule="true" IsAutostartup="true" hasTitleResource="false" TitleResourceBundleKey="" TitleResourceBundleName="" TitleResourceBundleClassName="" TitleResourceBundleRelativePath="">
      <Icons/>
      <KeywordResources KeywordResourceBundleName="" KeywordResourceBundleRelativePath="" KeywordResourceBundleClassName="" KeywordResourceBundleKey=""/>
    </AlternateEntryPoint>
  </AlternateEntryPoints>
</Properties>