<!-- This file has been generated by the BlackBerry Plugin for Eclipse v3.6.1. -->

<Properties ModelVersion="1.1.2">
  <General Title="Write NDEF Smart Tag" Version="1.0.6" Vendor="John Murray" Description="Write an NDEF Smart Tag using NFC"/>
  <Application Type="BlackBerry Application" MainMIDletName="" MainArgs="" HomeScreenPosition="0" StartupTier="7" IsSystemModule="false" IsAutostartup="false"/>
  <Resources hasTitleResource="false" TitleResourceBundleName="" TitleResourceBundleRelativePath="" TitleResourceBundleClassName="" TitleResourceBundleKey="" DescriptionId="">
    <Icons>
      <Icon CanonicalFileName="res/img/SmartTag_Logo.png" IsFocus="false"/>
    </Icons>
  </Resources>
  <Compile OutputCompilerMessages="false" ConvertImages="true" CreateWarningForNoExportedRoutine="true" CompressResources="false" AliasList="">
    <PreprocessorDefines/>
  </Compile>
  <Packaging PreBuildStep="" PostBuildStep="" CleanStep="" OutputFileName="NfcWriteNdefSmartTag" OutputFolder="deliverables" GenerateALXFile="true">
    <AlxFiles/>
  </Packaging>
  <HiddenProperties>
    <ClassProtection/>
    <PackageProtection/>
  </HiddenProperties>
  <AlternateEntryPoints/>
</Properties>