<!-- This file has been generated by the BlackBerry Plugin for Eclipse v3.7.100. -->

<Properties ModelVersion="1.1.2">
  <General Title="YouTube Client" Version="1.0.0" Vendor="Tim Windsor @ RIM" Description="Sample showing the YouTube Data API accessed through the BlackBerry 6 Communication API"/>
  <Application Type="BlackBerry Application" MainMIDletName="" MainArgs="" HomeScreenPosition="0" StartupTier="7" IsSystemModule="false" IsAutostartup="false"/>
  <Resources hasTitleResource="false" TitleResourceBundleName="" TitleResourceBundleRelativePath="" TitleResourceBundleClassName="" TitleResourceBundleKey="" DescriptionId="">
    <Icons>
      <Icon CanonicalFileName="res/img/iconLowlight.png" IsFocus="false"/>
      <Icon CanonicalFileName="res/img/iconHighlight.png" IsFocus="true"/>
    </Icons>
  </Resources>
  <Compile OutputCompilerMessages="false" ConvertImages="false" CreateWarningForNoExportedRoutine="true" CompressResources="false" AliasList="">
    <PreprocessorDefines/>
  </Compile>
  <Packaging PreBuildStep="" PostBuildStep="" CleanStep="" OutputFileName="Youtube_Client" OutputFolder="deliverables" GenerateALXFile="true">
    <AlxFiles/>
  </Packaging>
  <HiddenProperties>
    <ClassProtection/>
    <PackageProtection/>
  </HiddenProperties>
  <AlternateEntryPoints/>
</Properties>